PassengerId,Survived,Pclass,Sex,Age,SibSp,ParCh,Fare,Embarked
1,No,3,male,22,1,0,7.25,S
2,Yes,1,female,38,1,0,71.2833,C
3,Yes,3,female,26,0,0,7.925,S
4,Yes,1,female,35,1,0,53.1,S
5,No,3,male,35,0,0,8.05,S
6,No,3,male,27,0,0,8.4583,Q
7,No,1,male,54,0,0,51.8625,S
8,No,3,male,2,3,1,21.075,S
9,Yes,3,female,27,0,2,11.1333,S
10,Yes,2,female,14,1,0,30.0708,C
11,Yes,3,female,4,1,1,16.7,S
12,Yes,1,female,58,0,0,26.55,S
13,No,3,male,20,0,0,8.05,S
14,No,3,male,39,1,5,31.275,S
15,No,3,female,14,0,0,7.8542,S
16,Yes,2,female,55,0,0,16,S
17,No,3,male,2,4,1,29.125,Q
18,Yes,2,male,23,0,0,13,S
19,No,3,female,31,1,0,18,S
20,Yes,3,female,22,0,0,7.225,C
21,No,2,male,35,0,0,26,S
22,Yes,2,male,34,0,0,13,S
23,Yes,3,female,15,0,0,8.0292,Q
24,Yes,1,male,28,0,0,35.5,S
25,No,3,female,8,3,1,21.075,S
26,Yes,3,female,38,1,5,31.3875,S
27,No,3,male,26,0,0,7.225,C
28,No,1,male,19,3,2,263,S
29,Yes,3,female,24,0,0,7.8792,Q
30,No,3,male,23,0,0,7.8958,S
31,No,1,male,40,0,0,27.7208,C
32,Yes,1,female,48,1,0,146.5208,C
33,Yes,3,female,18,0,0,7.75,Q
34,No,2,male,66,0,0,10.5,S
35,No,1,male,28,1,0,82.1708,C
36,No,1,male,42,1,0,52,S
37,Yes,3,male,18,0,0,7.2292,C
38,No,3,male,21,0,0,8.05,S
39,No,3,female,18,2,0,18,S
40,Yes,3,female,14,1,0,11.2417,C
41,No,3,female,40,1,0,9.475,S
42,No,2,female,27,1,0,21,S
43,No,3,male,,0,0,7.8958,C
44,Yes,2,female,3,1,2,41.5792,C
45,Yes,3,female,19,0,0,7.8792,Q
46,No,3,male,30,0,0,8.05,S
47,No,3,male,20,1,0,15.5,Q
48,Yes,3,female,27,0,0,7.75,Q
49,No,3,male,16,2,0,21.6792,C
50,No,3,female,18,1,0,17.8,S
51,No,3,male,7,4,1,39.6875,S
52,No,3,male,21,0,0,7.8,S
53,Yes,1,female,49,1,0,76.7292,C
54,Yes,2,female,29,1,0,26,S
55,No,1,male,65,0,1,61.9792,C
56,Yes,1,male,46,0,0,35.5,S
57,Yes,2,female,21,0,0,10.5,S
58,No,3,male,28.5,0,0,7.2292,C
59,Yes,2,female,5,1,2,27.75,S
60,No,3,male,11,5,2,46.9,S
61,No,3,male,22,0,0,7.2292,C
62,Yes,1,female,38,0,0,80,
63,No,1,male,45,1,0,83.475,S
64,No,3,male,4,3,2,27.9,S
65,No,1,male,64,0,0,27.7208,C
66,Yes,3,male,7,1,1,15.2458,C
67,Yes,2,female,29,0,0,10.5,S
68,No,3,male,19,0,0,8.1583,S
69,Yes,3,female,17,4,2,7.925,S
70,No,3,male,26,2,0,8.6625,S
71,No,2,male,32,0,0,10.5,S
72,No,3,female,16,5,2,46.9,S
73,No,2,male,21,0,0,73.5,S
74,No,3,male,26,1,0,14.4542,C
75,Yes,3,male,32,0,0,56.4958,S
76,No,3,male,25,0,0,7.65,S
77,No,3,male,23,0,0,7.8958,S
78,No,3,male,28,0,0,8.05,S
79,Yes,2,male,0.83,0,2,29,S
80,Yes,3,female,30,0,0,12.475,S
81,No,3,male,22,0,0,9,S
82,Yes,3,male,29,0,0,9.5,S
83,Yes,3,female,31,0,0,7.7875,Q
84,No,1,male,28,0,0,47.1,S
85,Yes,2,female,17,0,0,10.5,S
86,Yes,3,female,33,3,0,15.85,S
87,No,3,male,16,1,3,34.375,S
88,No,3,male,20,0,0,8.05,S
89,Yes,1,female,23,3,2,263,S
90,No,3,male,24,0,0,8.05,S
91,No,3,male,29,0,0,8.05,S
92,No,3,male,20,0,0,7.8542,S
93,No,1,male,46,1,0,61.175,S
94,No,3,male,26,1,2,20.575,S
95,No,3,male,59,0,0,7.25,S
96,No,3,male,22,0,0,8.05,S
97,No,1,male,71,0,0,34.6542,C
98,Yes,1,male,23,0,1,63.3583,C
99,Yes,2,female,34,0,1,23,S
100,No,2,male,34,1,0,26,S
101,No,3,female,28,0,0,7.8958,S
102,No,3,male,29,0,0,7.8958,S
103,No,1,male,21,0,1,77.2875,S
104,No,3,male,33,0,0,8.6542,S
105,No,3,male,37,2,0,7.925,S
106,No,3,male,28,0,0,7.8958,S
107,Yes,3,female,21,0,0,7.65,S
108,Yes,3,male,29,0,0,7.775,S
109,No,3,male,38,0,0,7.8958,S
110,Yes,3,female,28,1,0,24.15,Q
111,No,1,male,47,0,0,52,S
112,No,3,female,14.5,1,0,14.4542,C
113,No,3,male,22,0,0,8.05,S
114,No,3,female,20,1,0,9.825,S
115,No,3,female,17,0,0,14.4583,C
116,No,3,male,21,0,0,7.925,S
117,No,3,male,70.5,0,0,7.75,Q
118,No,2,male,29,1,0,21,S
119,No,1,male,24,0,1,247.5208,C
120,No,3,female,2,4,2,31.275,S
121,No,2,male,21,2,0,73.5,S
122,No,3,male,19,0,0,8.05,S
123,No,2,male,32.5,1,0,30.0708,C
124,Yes,2,female,32.5,0,0,13,S
125,No,1,male,54,0,1,77.2875,S
126,Yes,3,male,12,1,0,11.2417,C
127,No,3,male,19,0,0,7.75,Q
128,Yes,3,male,24,0,0,7.1417,S
129,Yes,3,female,2,1,1,22.3583,C
130,No,3,male,45,0,0,6.975,S
131,No,3,male,33,0,0,7.8958,C
132,No,3,male,20,0,0,7.05,S
133,No,3,female,47,1,0,14.5,S
134,Yes,2,female,29,1,0,26,S
135,No,2,male,25,0,0,13,S
136,No,2,male,23,0,0,15.0458,C
137,Yes,1,female,19,0,2,26.2833,S
138,No,1,male,37,1,0,53.1,S
139,No,3,male,16,0,0,9.2167,S
140,No,1,male,24,0,0,79.2,C
141,No,3,female,40,0,2,15.2458,C
142,Yes,3,female,22,0,0,7.75,S
143,Yes,3,female,24,1,0,15.85,S
144,No,3,male,19,0,0,6.75,Q
145,No,2,male,18,0,0,11.5,S
146,No,2,male,19,1,1,36.75,S
147,Yes,3,male,27,0,0,7.7958,S
148,No,3,female,9,2,2,34.375,S
149,No,2,male,36.5,0,2,26,S
150,No,2,male,42,0,0,13,S
151,No,2,male,51,0,0,12.525,S
152,Yes,1,female,22,1,0,66.6,S
153,No,3,male,55.5,0,0,8.05,S
154,No,3,male,40.5,0,2,14.5,S
155,No,3,male,27,0,0,7.3125,S
156,No,1,male,51,0,1,61.3792,C
157,Yes,3,female,16,0,0,7.7333,Q
158,No,3,male,30,0,0,8.05,S
159,No,3,male,37,0,0,8.6625,S
160,No,3,male,5,8,2,69.55,S
161,No,3,male,44,0,1,16.1,S
162,Yes,2,female,40,0,0,15.75,S
163,No,3,male,26,0,0,7.775,S
164,No,3,male,17,0,0,8.6625,S
165,No,3,male,1,4,1,39.6875,S
166,Yes,3,male,9,0,2,20.525,S
167,Yes,1,female,48,0,1,55,S
168,No,3,female,45,1,4,27.9,S
169,No,1,male,60,0,0,25.925,S
170,No,3,male,28,0,0,56.4958,S
171,No,1,male,61,0,0,33.5,S
172,No,3,male,4,4,1,29.125,Q
173,Yes,3,female,1,1,1,11.1333,S
174,No,3,male,21,0,0,7.925,S
175,No,1,male,56,0,0,30.6958,C
176,No,3,male,18,1,1,7.8542,S
177,No,3,male,5,3,1,25.4667,S
178,No,1,female,50,0,0,28.7125,C
179,No,2,male,30,0,0,13,S
180,No,3,male,36,0,0,0,S
181,No,3,female,8,8,2,69.55,S
182,No,2,male,39,0,0,15.05,C
183,No,3,male,9,4,2,31.3875,S
184,Yes,2,male,1,2,1,39,S
185,Yes,3,female,4,0,2,22.025,S
186,No,1,male,39,0,0,50,S
187,Yes,3,female,26,1,0,15.5,Q
188,Yes,1,male,45,0,0,26.55,S
189,No,3,male,40,1,1,15.5,Q
190,No,3,male,36,0,0,7.8958,S
191,Yes,2,female,32,0,0,13,S
192,No,2,male,19,0,0,13,S
193,Yes,3,female,19,1,0,7.8542,S
194,Yes,2,male,3,1,1,26,S
195,Yes,1,female,44,0,0,27.7208,C
196,Yes,1,female,58,0,0,146.5208,C
197,No,3,male,28,0,0,7.75,Q
198,No,3,male,42,0,1,8.4042,S
199,Yes,3,female,21,0,0,7.75,Q
200,No,2,female,24,0,0,13,S
201,No,3,male,28,0,0,9.5,S
202,No,3,male,17,8,2,69.55,S
203,No,3,male,34,0,0,6.4958,S
204,No,3,male,45.5,0,0,7.225,C
205,Yes,3,male,18,0,0,8.05,S
206,No,3,female,2,0,1,10.4625,S
207,No,3,male,32,1,0,15.85,S
208,Yes,3,male,26,0,0,18.7875,C
209,Yes,3,female,16,0,0,7.75,Q
210,Yes,1,male,40,0,0,31,C
211,No,3,male,24,0,0,7.05,S
212,Yes,2,female,35,0,0,21,S
213,No,3,male,22,0,0,7.25,S
214,No,2,male,30,0,0,13,S
215,No,3,male,22,1,0,7.75,Q
216,Yes,1,female,31,1,0,113.275,C
217,Yes,3,female,27,0,0,7.925,S
218,No,2,male,42,1,0,27,S
219,Yes,1,female,32,0,0,76.2917,C
220,No,2,male,30,0,0,10.5,S
221,Yes,3,male,16,0,0,8.05,S
222,No,2,male,27,0,0,13,S
223,No,3,male,51,0,0,8.05,S
224,No,3,male,22,0,0,7.8958,S
225,Yes,1,male,38,1,0,90,S
226,No,3,male,22,0,0,9.35,S
227,Yes,2,male,19,0,0,10.5,S
228,No,3,male,20.5,0,0,7.25,S
229,No,2,male,18,0,0,13,S
230,No,3,female,12,3,1,25.4667,S
231,Yes,1,female,35,1,0,83.475,S
232,No,3,male,29,0,0,7.775,S
233,No,2,male,59,0,0,13.5,S
234,Yes,3,female,5,4,2,31.3875,S
235,No,2,male,24,0,0,10.5,S
236,No,3,female,21,0,0,7.55,S
237,No,2,male,44,1,0,26,S
238,Yes,2,female,8,0,2,26.25,S
239,No,2,male,19,0,0,10.5,S
240,No,2,male,33,0,0,12.275,S
241,No,3,female,19,1,0,14.4542,C
242,Yes,3,female,18,1,0,15.5,Q
243,No,2,male,29,0,0,10.5,S
244,No,3,male,22,0,0,7.125,S
245,No,3,male,30,0,0,7.225,C
246,No,1,male,44,2,0,90,Q
247,No,3,female,25,0,0,7.775,S
248,Yes,2,female,24,0,2,14.5,S
249,Yes,1,male,37,1,1,52.5542,S
250,No,2,male,54,1,0,26,S
251,No,3,male,18,0,0,7.25,S
252,No,3,female,29,1,1,10.4625,S
253,No,1,male,62,0,0,26.55,S
254,No,3,male,30,1,0,16.1,S
255,No,3,female,41,0,2,20.2125,S
256,Yes,3,female,29,0,2,15.2458,C
257,Yes,1,female,38,0,0,79.2,C
258,Yes,1,female,30,0,0,86.5,S
259,Yes,1,female,35,0,0,512.3292,C
260,Yes,2,female,50,0,1,26,S
261,No,3,male,,0,0,7.75,Q
262,Yes,3,male,3,4,2,31.3875,S
263,No,1,male,52,1,1,79.65,S
264,No,1,male,40,0,0,0,S
265,No,3,female,21,0,0,7.75,Q
266,No,2,male,36,0,0,10.5,S
267,No,3,male,16,4,1,39.6875,S
268,Yes,3,male,25,1,0,7.775,S
269,Yes,1,female,58,0,1,153.4625,S
270,Yes,1,female,35,0,0,135.6333,S
271,No,1,male,28,0,0,31,S
272,Yes,3,male,25,0,0,0,S
273,Yes,2,female,41,0,1,19.5,S
274,No,1,male,37,0,1,29.7,C
275,Yes,3,female,33,0,0,7.75,Q
276,Yes,1,female,63,1,0,77.9583,S
277,No,3,female,45,0,0,7.75,S
278,No,2,male,21,0,0,0,S
279,No,3,male,7,4,1,29.125,Q
280,Yes,3,female,35,1,1,20.25,S
281,No,3,male,65,0,0,7.75,Q
282,No,3,male,28,0,0,7.8542,S
283,No,3,male,16,0,0,9.5,S
284,Yes,3,male,19,0,0,8.05,S
285,No,1,male,57,0,0,26,S
286,No,3,male,33,0,0,8.6625,C
287,Yes,3,male,30,0,0,9.5,S
288,No,3,male,22,0,0,7.8958,S
289,Yes,2,male,42,0,0,13,S
290,Yes,3,female,22,0,0,7.75,Q
291,Yes,1,female,26,0,0,78.85,S
292,Yes,1,female,19,1,0,91.0792,C
293,No,2,male,36,0,0,12.875,C
294,No,3,female,24,0,0,8.85,S
295,No,3,male,24,0,0,7.8958,S
296,No,1,male,30,0,0,27.7208,C
297,No,3,male,23.5,0,0,7.2292,C
298,No,1,female,2,1,2,151.55,S
299,Yes,1,male,47,0,0,30.5,S
300,Yes,1,female,50,0,1,247.5208,C
301,Yes,3,female,20,0,0,7.75,Q
302,Yes,3,male,24,2,0,23.25,Q
303,No,3,male,19,0,0,0,S
304,Yes,2,female,46,0,0,12.35,Q
305,No,3,male,28,0,0,8.05,S
306,Yes,1,male,0.92,1,2,151.55,S
307,Yes,1,female,42,0,0,110.8833,C
308,Yes,1,female,17,1,0,108.9,C
309,No,2,male,30,1,0,24,C
310,Yes,1,female,30,0,0,56.9292,C
311,Yes,1,female,24,0,0,83.1583,C
312,Yes,1,female,18,2,2,262.375,C
313,No,2,female,26,1,1,26,S
314,No,3,male,28,0,0,7.8958,S
315,No,2,male,43,1,1,26.25,S
316,Yes,3,female,26,0,0,7.8542,S
317,Yes,2,female,24,1,0,26,S
318,No,2,male,54,0,0,14,S
319,Yes,1,female,31,0,2,164.8667,S
320,Yes,1,female,40,1,1,134.5,C
321,No,3,male,22,0,0,7.25,S
322,No,3,male,27,0,0,7.8958,S
323,Yes,2,female,30,0,0,12.35,Q
324,Yes,2,female,22,1,1,29,S
325,No,3,male,20,8,2,69.55,S
326,Yes,1,female,36,0,0,135.6333,C
327,No,3,male,61,0,0,6.2375,S
328,Yes,2,female,36,0,0,13,S
329,Yes,3,female,31,1,1,20.525,S
330,Yes,1,female,16,0,1,57.9792,C
331,Yes,3,female,28,2,0,23.25,Q
332,No,1,male,45.5,0,0,28.5,S
333,No,1,male,38,0,1,153.4625,S
334,No,3,male,16,2,0,18,S
335,Yes,1,female,42,1,0,133.65,S
336,No,3,male,30,0,0,7.8958,S
337,No,1,male,29,1,0,66.6,S
338,Yes,1,female,41,0,0,134.5,C
339,Yes,3,male,45,0,0,8.05,S
340,No,1,male,45,0,0,35.5,S
341,Yes,2,male,2,1,1,26,S
342,Yes,1,female,24,3,2,263,S
343,No,2,male,28,0,0,13,S
344,No,2,male,25,0,0,13,S
345,No,2,male,36,0,0,13,S
346,Yes,2,female,24,0,0,13,S
347,Yes,2,female,40,0,0,13,S
348,Yes,3,female,34,1,0,16.1,S
349,Yes,3,male,3,1,1,15.9,S
350,No,3,male,42,0,0,8.6625,S
351,No,3,male,23,0,0,9.225,S
352,No,1,male,43,0,0,35,S
353,No,3,male,15,1,1,7.2292,C
354,No,3,male,25,1,0,17.8,S
355,No,3,male,23,0,0,7.225,C
356,No,3,male,28,0,0,9.5,S
357,Yes,1,female,22,0,1,55,S
358,No,2,female,38,0,0,13,S
359,Yes,3,female,22,0,0,7.8792,Q
360,Yes,3,female,23,0,0,7.8792,Q
361,No,3,male,40,1,4,27.9,S
362,No,2,male,29,1,0,27.7208,C
363,No,3,female,45,0,1,14.4542,C
364,No,3,male,35,0,0,7.05,S
365,No,3,male,27,1,0,15.5,Q
366,No,3,male,30,0,0,7.25,S
367,Yes,1,female,60,1,0,75.25,C
368,Yes,3,female,35,0,0,7.2292,C
369,Yes,3,female,22,0,0,7.75,Q
370,Yes,1,female,24,0,0,69.3,C
371,Yes,1,male,25,1,0,55.4417,C
372,No,3,male,18,1,0,6.4958,S
373,No,3,male,19,0,0,8.05,S
374,No,1,male,22,0,0,135.6333,C
375,No,3,female,3,3,1,21.075,S
376,Yes,1,female,25,1,0,82.1708,C
377,Yes,3,female,22,0,0,7.25,S
378,No,1,male,27,0,2,211.5,C
379,No,3,male,20,0,0,4.0125,C
380,No,3,male,19,0,0,7.775,S
381,Yes,1,female,42,0,0,227.525,C
382,Yes,3,female,1,0,2,15.7417,C
383,No,3,male,32,0,0,7.925,S
384,Yes,1,female,35,1,0,52,S
385,No,3,male,27,0,0,7.8958,S
386,No,2,male,18,0,0,73.5,S
387,No,3,male,1,5,2,46.9,S
388,Yes,2,female,36,0,0,13,S
389,No,3,male,19,0,0,7.7292,Q
390,Yes,2,female,17,0,0,12,C
391,Yes,1,male,36,1,2,120,S
392,Yes,3,male,21,0,0,7.7958,S
393,No,3,male,28,2,0,7.925,S
394,Yes,1,female,23,1,0,113.275,C
395,Yes,3,female,24,0,2,16.7,S
396,No,3,male,22,0,0,7.7958,S
397,No,3,female,31,0,0,7.8542,S
398,No,2,male,46,0,0,26,S
399,No,2,male,23,0,0,10.5,S
400,Yes,2,female,28,0,0,12.65,S
401,Yes,3,male,39,0,0,7.925,S
402,No,3,male,26,0,0,8.05,S
403,No,3,female,21,1,0,9.825,S
404,No,3,male,28,1,0,15.85,S
405,No,3,female,20,0,0,8.6625,S
406,No,2,male,34,1,0,21,S
407,No,3,male,51,0,0,7.75,S
408,Yes,2,male,3,1,1,18.75,S
409,No,3,male,21,0,0,7.775,S
410,No,3,female,3,3,1,25.4667,S
411,No,3,male,42,0,0,7.8958,S
412,No,3,male,27,0,0,6.8583,Q
413,Yes,1,female,33,1,0,90,Q
414,No,2,male,22,0,0,0,S
415,Yes,3,male,44,0,0,7.925,S
416,No,3,female,32,0,0,8.05,S
417,Yes,2,female,34,1,1,32.5,S
418,Yes,2,female,18,0,2,13,S
419,No,2,male,30,0,0,13,S
420,No,3,female,10,0,2,24.15,S
421,No,3,male,,0,0,7.8958,C
422,No,3,male,21,0,0,7.7333,Q
423,No,3,male,29,0,0,7.875,S
424,No,3,female,28,1,1,14.4,S
425,No,3,male,18,1,1,20.2125,S
426,No,3,male,54,0,0,7.25,S
427,Yes,2,female,28,1,0,26,S
428,Yes,2,female,19,0,0,26,S
429,No,3,male,28,0,0,7.75,Q
430,Yes,3,male,32,0,0,8.05,S
431,Yes,1,male,28,0,0,26.55,S
432,Yes,3,female,33,1,0,16.1,S
433,Yes,2,female,42,1,0,26,S
434,No,3,male,17,0,0,7.125,S
435,No,1,male,50,1,0,55.9,S
436,Yes,1,female,14,1,2,120,S
437,No,3,female,21,2,2,34.375,S
438,Yes,2,female,24,2,3,18.75,S
439,No,1,male,64,1,4,263,S
440,No,2,male,31,0,0,10.5,S
441,Yes,2,female,45,1,1,26.25,S
442,No,3,male,20,0,0,9.5,S
443,No,3,male,25,1,0,7.775,S
444,Yes,2,female,28,0,0,13,S
445,Yes,3,male,29,0,0,8.1125,S
446,Yes,1,male,4,0,2,81.8583,S
447,Yes,2,female,13,0,1,19.5,S
448,Yes,1,male,34,0,0,26.55,S
449,Yes,3,female,5,2,1,19.2583,C
450,Yes,1,male,52,0,0,30.5,S
451,No,2,male,36,1,2,27.75,S
452,No,3,male,28,1,0,19.9667,S
453,No,1,male,30,0,0,27.75,C
454,Yes,1,male,49,1,0,89.1042,C
455,No,3,male,24,0,0,8.05,S
456,Yes,3,male,29,0,0,7.8958,C
457,No,1,male,65,0,0,26.55,S
458,Yes,1,female,41,1,0,51.8625,S
459,Yes,2,female,50,0,0,10.5,S
460,No,3,male,17,0,0,7.75,Q
461,Yes,1,male,48,0,0,26.55,S
462,No,3,male,34,0,0,8.05,S
463,No,1,male,47,0,0,38.5,S
464,No,2,male,48,0,0,13,S
465,No,3,male,34,0,0,8.05,S
466,No,3,male,38,0,0,7.05,S
467,No,2,male,21,0,0,0,S
468,No,1,male,56,0,0,26.55,S
469,No,3,male,22,0,0,7.725,Q
470,Yes,3,female,0.75,2,1,19.2583,C
471,No,3,male,39,0,0,7.25,S
472,No,3,male,38,0,0,8.6625,S
473,Yes,2,female,33,1,2,27.75,S
474,Yes,2,female,23,0,0,13.7917,C
475,No,3,female,22,0,0,9.8375,S
476,No,1,male,40,0,0,52,S
477,No,2,male,34,1,0,21,S
478,No,3,male,29,1,0,7.0458,S
479,No,3,male,22,0,0,7.5208,S
480,Yes,3,female,2,0,1,12.2875,S
481,No,3,male,9,5,2,46.9,S
482,No,2,male,37,0,0,0,S
483,No,3,male,50,0,0,8.05,S
484,Yes,3,female,63,0,0,9.5875,S
485,Yes,1,male,25,1,0,91.0792,C
486,No,3,female,8,3,1,25.4667,S
487,Yes,1,female,35,1,0,90,S
488,No,1,male,58,0,0,29.7,C
489,No,3,male,30,0,0,8.05,S
490,Yes,3,male,9,1,1,15.9,S
491,No,3,male,19,1,0,19.9667,S
492,No,3,male,21,0,0,7.25,S
493,No,1,male,55,0,0,30.5,S
494,No,1,male,71,0,0,49.5042,C
495,No,3,male,21,0,0,8.05,S
496,No,3,male,26,0,0,14.4583,C
497,Yes,1,female,54,1,0,78.2667,C
498,No,3,male,55,0,0,15.1,S
499,No,1,female,25,1,2,151.55,S
500,No,3,male,24,0,0,7.7958,S
501,No,3,male,17,0,0,8.6625,S
502,No,3,female,21,0,0,7.75,Q
503,No,3,female,21,0,0,7.6292,Q
504,No,3,female,37,0,0,9.5875,S
505,Yes,1,female,16,0,0,86.5,S
506,No,1,male,18,1,0,108.9,C
507,Yes,2,female,33,0,2,26,S
508,Yes,1,male,37,0,0,26.55,S
509,No,3,male,28,0,0,22.525,S
510,Yes,3,male,26,0,0,56.4958,S
511,Yes,3,male,29,0,0,7.75,Q
512,No,3,male,66,0,0,8.05,S
513,Yes,1,male,36,0,0,26.2875,S
514,Yes,1,female,54,1,0,59.4,C
515,No,3,male,24,0,0,7.4958,S
516,No,1,male,47,0,0,34.0208,S
517,Yes,2,female,34,0,0,10.5,S
518,No,3,male,30,0,0,24.15,Q
519,Yes,2,female,36,1,0,26,S
520,No,3,male,32,0,0,7.8958,S
521,Yes,1,female,30,0,0,93.5,S
522,No,3,male,22,0,0,7.8958,S
523,No,3,male,35,0,0,7.225,C
524,Yes,1,female,44,0,1,57.9792,C
525,No,3,male,18,0,0,7.2292,C
526,No,3,male,40.5,0,0,7.75,Q
527,Yes,2,female,50,0,0,10.5,S
528,No,1,male,49,0,0,221.7792,S
529,No,3,male,39,0,0,7.925,S
530,No,2,male,23,2,1,11.5,S
531,Yes,2,female,2,1,1,26,S
532,No,3,male,17,0,0,7.2292,C
533,No,3,male,17,1,1,7.2292,C
534,Yes,3,female,24,0,2,22.3583,C
535,No,3,female,30,0,0,8.6625,S
536,Yes,2,female,7,0,2,26.25,S
537,No,1,male,45,0,0,26.55,S
538,Yes,1,female,30,0,0,106.425,C
539,No,3,male,69,0,0,14.5,S
540,Yes,1,female,22,0,2,49.5,C
541,Yes,1,female,36,0,2,71,S
542,No,3,female,9,4,2,31.275,S
543,No,3,female,11,4,2,31.275,S
544,Yes,2,male,32,1,0,26,S
545,No,1,male,50,1,0,106.425,C
546,No,1,male,64,0,0,26,S
547,Yes,2,female,19,1,0,26,S
548,Yes,2,male,27,0,0,13.8625,C
549,No,3,male,33,1,1,20.525,S
550,Yes,2,male,8,1,1,36.75,S
551,Yes,1,male,17,0,2,110.8833,C
552,No,2,male,27,0,0,26,S
553,No,3,male,21,0,0,7.8292,Q
554,Yes,3,male,22,0,0,7.225,C
555,Yes,3,female,22,0,0,7.775,S
556,No,1,male,62,0,0,26.55,S
557,Yes,1,female,48,1,0,39.6,C
558,No,1,male,45,0,0,227.525,C
559,Yes,1,female,39,1,1,79.65,S
560,Yes,3,female,36,1,0,17.4,S
561,No,3,male,30,0,0,7.75,Q
562,No,3,male,40,0,0,7.8958,S
563,No,2,male,28,0,0,13.5,S
564,No,3,male,40,0,0,8.05,S
565,No,3,female,62,0,0,8.05,S
566,No,3,male,24,2,0,24.15,S
567,No,3,male,19,0,0,7.8958,S
568,No,3,female,29,0,4,21.075,S
569,No,3,male,28,0,0,7.2292,C
570,Yes,3,male,32,0,0,7.8542,S
571,Yes,2,male,62,0,0,10.5,S
572,Yes,1,female,53,2,0,51.4792,S
573,Yes,1,male,36,0,0,26.3875,S
574,Yes,3,female,22,0,0,7.75,Q
575,No,3,male,16,0,0,8.05,S
576,No,3,male,19,0,0,14.5,S
577,Yes,2,female,34,0,0,13,S
578,Yes,1,female,39,1,0,55.9,S
579,No,3,female,18,1,0,14.4583,C
580,Yes,3,male,32,0,0,7.925,S
581,Yes,2,female,25,1,1,30,S
582,Yes,1,female,39,1,1,110.8833,C
583,No,2,male,54,0,0,26,S
584,No,1,male,36,0,0,40.125,C
585,No,3,male,16,0,0,8.7125,C
586,Yes,1,female,18,0,2,79.65,S
587,No,2,male,47,0,0,15,S
588,Yes,1,male,60,1,1,79.2,C
589,No,3,male,22,0,0,8.05,S
590,No,3,male,22,0,0,8.05,S
591,No,3,male,35,0,0,7.125,S
592,Yes,1,female,52,1,0,78.2667,C
593,No,3,male,47,0,0,7.25,S
594,No,3,female,40,0,2,7.75,Q
595,No,2,male,37,1,0,26,S
596,No,3,male,36,1,1,24.15,S
597,Yes,2,female,31,0,0,33,S
598,No,3,male,49,0,0,0,S
599,No,3,male,18,0,0,7.225,C
600,Yes,1,male,49,1,0,56.9292,C
601,Yes,2,female,24,2,1,27,S
602,No,3,male,42,0,0,7.8958,S
603,No,1,male,37,0,0,42.4,S
604,No,3,male,44,0,0,8.05,S
605,Yes,1,male,35,0,0,26.55,C
606,No,3,male,36,1,0,15.55,S
607,No,3,male,30,0,0,7.8958,S
608,Yes,1,male,27,0,0,30.5,S
609,Yes,2,female,22,1,2,41.5792,C
610,Yes,1,female,40,0,0,153.4625,S
611,No,3,female,39,1,5,31.275,S
612,No,3,male,21,0,0,7.05,S
613,Yes,3,female,18,1,0,15.5,Q
614,No,3,male,22,0,0,7.75,Q
615,No,3,male,35,0,0,8.05,S
616,Yes,2,female,24,1,2,65,S
617,No,3,male,34,1,1,14.4,S
618,No,3,female,26,1,0,16.1,S
619,Yes,2,female,4,2,1,39,S
620,No,2,male,26,0,0,10.5,S
621,No,3,male,27,1,0,14.4542,C
622,Yes,1,male,42,1,0,52.5542,S
623,Yes,3,male,20,1,1,15.7417,C
624,No,3,male,21,0,0,7.8542,S
625,No,3,male,21,0,0,16.1,S
626,No,1,male,61,0,0,32.3208,S
627,No,2,male,57,0,0,12.35,Q
628,Yes,1,female,21,0,0,77.9583,S
629,No,3,male,26,0,0,7.8958,S
630,No,3,male,18,0,0,7.7333,Q
631,Yes,1,male,80,0,0,30,S
632,No,3,male,51,0,0,7.0542,S
633,Yes,1,male,32,0,0,30.5,C
634,No,1,male,30,0,0,0,S
635,No,3,female,9,3,2,27.9,S
636,Yes,2,female,28,0,0,13,S
637,No,3,male,32,0,0,7.925,S
638,No,2,male,31,1,1,26.25,S
639,No,3,female,41,0,5,39.6875,S
640,No,3,male,37,1,0,16.1,S
641,No,3,male,20,0,0,7.8542,S
642,Yes,1,female,24,0,0,69.3,C
643,No,3,female,2,3,2,27.9,S
644,Yes,3,male,32,0,0,56.4958,S
645,Yes,3,female,0.75,2,1,19.2583,C
646,Yes,1,male,48,1,0,76.7292,C
647,No,3,male,19,0,0,7.8958,S
648,Yes,1,male,56,0,0,35.5,C
649,No,3,male,21,0,0,7.55,S
650,Yes,3,female,23,0,0,7.55,S
651,No,3,male,23,0,0,7.8958,S
652,Yes,2,female,18,0,1,23,S
653,No,3,male,21,0,0,8.4333,S
654,Yes,3,female,16,0,0,7.8292,Q
655,No,3,female,18,0,0,6.75,Q
656,No,2,male,24,2,0,73.5,S
657,No,3,male,27,0,0,7.8958,S
658,No,3,female,32,1,1,15.5,Q
659,No,2,male,23,0,0,13,S
660,No,1,male,58,0,2,113.275,C
661,Yes,1,male,50,2,0,133.65,S
662,No,3,male,40,0,0,7.225,C
663,No,1,male,47,0,0,25.5875,S
664,No,3,male,36,0,0,7.4958,S
665,Yes,3,male,20,1,0,7.925,S
666,No,2,male,32,2,0,73.5,S
667,No,2,male,25,0,0,13,S
668,No,3,male,49,0,0,7.775,S
669,No,3,male,43,0,0,8.05,S
670,Yes,1,female,48,1,0,52,S
671,Yes,2,female,40,1,1,39,S
672,No,1,male,31,1,0,52,S
673,No,2,male,70,0,0,10.5,S
674,Yes,2,male,31,0,0,13,S
675,No,2,male,19,0,0,0,S
676,No,3,male,18,0,0,7.775,S
677,No,3,male,24.5,0,0,8.05,S
678,Yes,3,female,18,0,0,9.8417,S
679,No,3,female,43,1,6,46.9,S
680,Yes,1,male,36,0,1,512.3292,C
681,No,3,female,28,0,0,8.1375,Q
682,Yes,1,male,27,0,0,76.7292,C
683,No,3,male,20,0,0,9.225,S
684,No,3,male,14,5,2,46.9,S
685,No,2,male,60,1,1,39,S
686,No,2,male,25,1,2,41.5792,C
687,No,3,male,14,4,1,39.6875,S
688,No,3,male,19,0,0,10.1708,S
689,No,3,male,18,0,0,7.7958,S
690,Yes,1,female,15,0,1,211.3375,S
691,Yes,1,male,31,1,0,57,S
692,Yes,3,female,4,0,1,13.4167,C
693,Yes,3,male,37,0,0,56.4958,S
694,No,3,male,25,0,0,7.225,C
695,No,1,male,60,0,0,26.55,S
696,No,2,male,52,0,0,13.5,S
697,No,3,male,44,0,0,8.05,S
698,Yes,3,female,19,0,0,7.7333,Q
699,No,1,male,49,1,1,110.8833,C
700,No,3,male,42,0,0,7.65,S
701,Yes,1,female,18,1,0,227.525,C
702,Yes,1,male,35,0,0,26.2875,S
703,No,3,female,18,0,1,14.4542,C
704,No,3,male,25,0,0,7.7417,Q
705,No,3,male,26,1,0,7.8542,S
706,No,2,male,39,0,0,26,S
707,Yes,2,female,45,0,0,13.5,S
708,Yes,1,male,42,0,0,26.2875,S
709,Yes,1,female,22,0,0,151.55,S
710,Yes,3,male,4,1,1,15.2458,C
711,Yes,1,female,24,0,0,49.5042,C
712,No,1,male,41,0,0,26.55,S
713,Yes,1,male,48,1,0,52,S
714,No,3,male,29,0,0,9.4833,S
715,No,2,male,52,0,0,13,S
716,No,3,male,19,0,0,7.65,S
717,Yes,1,female,38,0,0,227.525,C
718,Yes,2,female,27,0,0,10.5,S
719,No,3,male,,0,0,15.5,Q
720,No,3,male,33,0,0,7.775,S
721,Yes,2,female,6,0,1,33,S
722,No,3,male,17,1,0,7.0542,S
723,No,2,male,34,0,0,13,S
724,No,2,male,50,0,0,13,S
725,Yes,1,male,27,1,0,53.1,S
726,No,3,male,20,0,0,8.6625,S
727,Yes,2,female,30,3,0,21,S
728,Yes,3,female,28,0,0,7.7375,Q
729,No,2,male,25,1,0,26,S
730,No,3,female,25,1,0,7.925,S
731,Yes,1,female,29,0,0,211.3375,S
732,No,3,male,11,0,0,18.7875,C
733,No,2,male,41,0,0,0,S
734,No,2,male,23,0,0,13,S
735,No,2,male,23,0,0,13,S
736,No,3,male,28.5,0,0,16.1,S
737,No,3,female,48,1,3,34.375,S
738,Yes,1,male,35,0,0,512.3292,C
739,No,3,male,20,0,0,7.8958,S
740,No,3,male,32,0,0,7.8958,S
741,Yes,1,male,45,0,0,30,S
742,No,1,male,36,1,0,78.85,S
743,Yes,1,female,21,2,2,262.375,C
744,No,3,male,24,1,0,16.1,S
745,Yes,3,male,31,0,0,7.925,S
746,No,1,male,70,1,1,71,S
747,No,3,male,16,1,1,20.25,S
748,Yes,2,female,30,0,0,13,S
749,No,1,male,19,1,0,53.1,S
750,No,3,male,31,0,0,7.75,Q
751,Yes,2,female,4,1,1,23,S
752,Yes,3,male,6,0,1,12.475,S
753,No,3,male,33,0,0,9.5,S
754,No,3,male,23,0,0,7.8958,S
755,Yes,2,female,48,1,2,65,S
756,Yes,2,male,0.67,1,1,14.5,S
757,No,3,male,28,0,0,7.7958,S
758,No,2,male,18,0,0,11.5,S
759,No,3,male,34,0,0,8.05,S
760,Yes,1,female,33,0,0,86.5,S
761,No,3,male,23,0,0,14.5,S
762,No,3,male,41,0,0,7.125,S
763,Yes,3,male,20,0,0,7.2292,C
764,Yes,1,female,36,1,2,120,S
765,No,3,male,16,0,0,7.775,S
766,Yes,1,female,51,1,0,77.9583,S
767,No,1,male,46,0,0,39.6,C
768,No,3,female,30.5,0,0,7.75,Q
769,No,3,male,28,1,0,24.15,Q
770,No,3,male,32,0,0,8.3625,S
771,No,3,male,24,0,0,9.5,S
772,No,3,male,48,0,0,7.8542,S
773,No,2,female,57,0,0,10.5,S
774,No,3,male,29,0,0,7.225,C
775,Yes,2,female,54,1,3,23,S
776,No,3,male,18,0,0,7.75,S
777,No,3,male,20,0,0,7.75,Q
778,Yes,3,female,5,0,0,12.475,S
779,No,3,male,22,0,0,7.7375,Q
780,Yes,1,female,43,0,1,211.3375,S
781,Yes,3,female,13,0,0,7.2292,C
782,Yes,1,female,17,1,0,57,S
783,No,1,male,29,0,0,30,S
784,No,3,male,35,1,2,23.45,S
785,No,3,male,25,0,0,7.05,S
786,No,3,male,25,0,0,7.25,S
787,Yes,3,female,18,0,0,7.4958,S
788,No,3,male,8,4,1,29.125,Q
789,Yes,3,male,1,1,2,20.575,S
790,No,1,male,46,0,0,79.2,C
791,No,3,male,20,0,0,7.75,Q
792,No,2,male,16,0,0,26,S
793,No,3,female,21,8,2,69.55,S
794,No,1,male,43,0,0,30.6958,C
795,No,3,male,25,0,0,7.8958,S
796,No,2,male,39,0,0,13,S
797,Yes,1,female,49,0,0,25.9292,S
798,Yes,3,female,31,0,0,8.6833,S
799,No,3,male,30,0,0,7.2292,C
800,No,3,female,30,1,1,24.15,S
801,No,2,male,34,0,0,13,S
802,Yes,2,female,31,1,1,26.25,S
803,Yes,1,male,11,1,2,120,S
804,Yes,3,male,0.42,0,1,8.5167,C
805,Yes,3,male,27,0,0,6.975,S
806,No,3,male,31,0,0,7.775,S
807,No,1,male,39,0,0,0,S
808,No,3,female,18,0,0,7.775,S
809,No,2,male,39,0,0,13,S
810,Yes,1,female,33,1,0,53.1,S
811,No,3,male,26,0,0,7.8875,S
812,No,3,male,39,0,0,24.15,S
813,No,2,male,35,0,0,10.5,S
814,No,3,female,6,4,2,31.275,S
815,No,3,male,30.5,0,0,8.05,S
816,No,1,male,39,0,0,0,S
817,No,3,female,23,0,0,7.925,S
818,No,2,male,31,1,1,37.0042,C
819,No,3,male,43,0,0,6.45,S
820,No,3,male,10,3,2,27.9,S
821,Yes,1,female,52,1,1,93.5,S
822,Yes,3,male,27,0,0,8.6625,S
823,No,1,male,38,0,0,0,S
824,Yes,3,female,27,0,1,12.475,S
825,No,3,male,2,4,1,39.6875,S
826,No,3,male,35,0,0,6.95,Q
827,No,3,male,23,0,0,56.4958,S
828,Yes,2,male,1,0,2,37.0042,C
829,Yes,3,male,19,0,0,7.75,Q
830,Yes,1,female,62,0,0,80,
831,Yes,3,female,15,1,0,14.4542,C
832,Yes,2,male,0.83,1,1,18.75,S
833,No,3,male,30,0,0,7.2292,C
834,No,3,male,23,0,0,7.8542,S
835,No,3,male,18,0,0,8.3,S
836,Yes,1,female,39,1,1,83.1583,C
837,No,3,male,21,0,0,8.6625,S
838,No,3,male,20,0,0,8.05,S
839,Yes,3,male,32,0,0,56.4958,S
840,Yes,1,male,29,0,0,29.7,C
841,No,3,male,20,0,0,7.925,S
842,No,2,male,16,0,0,10.5,S
843,Yes,1,female,30,0,0,31,C
844,No,3,male,34.5,0,0,6.4375,C
845,No,3,male,17,0,0,8.6625,S
846,No,3,male,42,0,0,7.55,S
847,No,3,male,18,8,2,69.55,S
848,No,3,male,35,0,0,7.8958,C
849,No,2,male,28,0,1,33,S
850,Yes,1,female,40,1,0,89.1042,C
851,No,3,male,4,4,2,31.275,S
852,No,3,male,74,0,0,7.775,S
853,No,3,female,9,1,1,15.2458,C
854,Yes,1,female,16,0,1,39.4,S
855,No,2,female,44,1,0,26,S
856,Yes,3,female,18,0,1,9.35,S
857,Yes,1,female,45,1,1,164.8667,S
858,Yes,1,male,51,0,0,26.55,S
859,Yes,3,female,24,0,3,19.2583,C
860,No,3,male,30,0,0,7.2292,C
861,No,3,male,41,2,0,14.1083,S
862,No,2,male,21,1,0,11.5,S
863,Yes,1,female,48,0,0,25.9292,S
864,No,3,female,14,8,2,69.55,S
865,No,2,male,24,0,0,13,S
866,Yes,2,female,42,0,0,13,S
867,Yes,2,female,27,1,0,13.8583,C
868,No,1,male,31,0,0,50.4958,S
869,No,3,male,23,0,0,9.5,S
870,Yes,3,male,4,1,1,11.1333,S
871,No,3,male,26,0,0,7.8958,S
872,Yes,1,female,47,1,1,52.5542,S
873,No,1,male,33,0,0,5,S
874,No,3,male,47,0,0,9,S
875,Yes,2,female,28,1,0,24,C
876,Yes,3,female,15,0,0,7.225,C
877,No,3,male,20,0,0,9.8458,S
878,No,3,male,19,0,0,7.8958,S
879,No,3,male,23,0,0,7.8958,S
880,Yes,1,female,56,0,1,83.1583,C
881,Yes,2,female,25,0,1,26,S
882,No,3,male,33,0,0,7.8958,S
883,No,3,female,22,0,0,10.5167,S
884,No,2,male,28,0,0,10.5,S
885,No,3,male,25,0,0,7.05,S
886,No,3,female,39,0,5,29.125,Q
887,No,2,male,27,0,0,13,S
888,Yes,1,female,19,0,0,30,S
889,No,3,female,7,1,2,23.45,S
890,Yes,1,male,26,0,0,30,C
891,No,3,male,32,0,0,7.75,Q
